{
  "threshold": 0.020763099029660225,
  "min_val": -6.2808752,
  "max_val": 7.4021031,
  "window_size": 140
}